{"cameraMode":{"drawMode":0,"name":"Shaded","section":"Shading Mode"},"sceneLighting":false,"audioPlay":false,"sceneViewState":{"m_AlwaysRefresh":false,"showFog":true,"showSkybox":false,"showFlares":true,"showImageEffects":true,"showParticleSystems":true,"showVisualEffectGraphs":true,"m_FxEnabled":true},"in2DMode":false,"pivot":{"x":-0.02200986072421074,"y":0.307194322347641,"z":0.09953923523426056},"rotation":{"x":0.21168085932731629,"y":-0.5062634944915772,"z":0.12962204217910767,"w":0.8260188102722168},"size":0.15674564242362977,"orthographic":false}